{
  "toxic": 0.65,
  "severe_toxic": 0.49999999999999994,
  "obscene": 0.65,
  "threat": 0.95,
  "insult": 0.75,
  "identity_hate": 0.65,
  "racism": 0.44999999999999996
}